{
  "predicted_return": -0.007127877311569775,
  "up_probability": 0.5877575202339734,
  "down_probability": 0.41224247976602657,
  "signal": "Neutral"
}